{
    "feature_columns": [
        "Area",
        "Perimeter",
        "MajorAxisLength",
        "MinorAxisLength",
        "AspectRation",
        "Eccentricity",
        "ConvexArea",
        "EquivDiameter",
        "Extent",
        "Solidity",
        "roundness",
        "Compactness",
        "ShapeFactor1",
        "ShapeFactor2",
        "ShapeFactor3",
        "ShapeFactor4"
    ],
    "feature_ranges": {
        "Area": {
            "min": 20420.0,
            "max": 254616.0
        },
        "Perimeter": {
            "min": 524.736,
            "max": 1985.37
        },
        "MajorAxisLength": {
            "min": 183.6011650038393,
            "max": 738.8601534818813
        },
        "MinorAxisLength": {
            "min": 122.51265345074418,
            "max": 460.1984968278401
        },
        "AspectRation": {
            "min": 1.0248675960667681,
            "max": 2.430306446836626
        },
        "Eccentricity": {
            "min": 0.21895126335356507,
            "max": 0.9114229684680053
        },
        "ConvexArea": {
            "min": 20684.0,
            "max": 263261.0
        },
        "EquivDiameter": {
            "min": 161.24376423134018,
            "max": 569.3743583287609
        },
        "Extent": {
            "min": 0.55531471681117,
            "max": 0.8661946405648266
        },
        "Solidity": {
            "min": 0.9192461570857022,
            "max": 0.9946774999456888
        },
        "roundness": {
            "min": 0.4896182562412148,
            "max": 0.9906853996160323
        },
        "Compactness": {
            "min": 0.6405767589768725,
            "max": 0.9873029693778109
        },
        "ShapeFactor1": {
            "min": 0.0027780126683855494,
            "max": 0.010451169324378654
        },
        "ShapeFactor2": {
            "min": 0.0005641690180332927,
            "max": 0.0036649719644516834
        },
        "ShapeFactor3": {
            "min": 0.41033858414131424,
            "max": 0.9747671533422431
        },
        "ShapeFactor4": {
            "min": 0.9476874027098624,
            "max": 0.9997325300471389
        }
    }
}