{
    "best_model_name": "svm",
    "accuracy": 0.9221446933529196,
    "macro_f1": 0.9342972452728322
}